{
	"credit": "Made with Blockbench",
	"parent": "obunga",
	"textures": {
		"0": "item/flint/1",
		"particle": "item/flint/1"
	},
	"elements": [
		{
			"from": [0, 0, 9],
			"to": [16, 24, 9],
			"faces": {
				"north": {"uv": [0, 0, 16, 16], "texture": "#0"},
				"east": {"uv": [0, 0, 0, 16], "texture": "#missing"},
				"south": {"uv": [0, 0, 16, 16], "texture": "#0"},
				"west": {"uv": [0, 0, 0, 16], "texture": "#missing"},
				"up": {"uv": [0, 0, 16, 0], "texture": "#missing"},
				"down": {"uv": [0, 0, 16, 0], "texture": "#missing"}
			}
		}
	],
	"display": {
		"thirdperson_righthand": {
			"rotation": [90, 0, 0],
			"translation": [-6.5, 0, 0]
		},
		"firstperson_righthand": {
			"translation": [-2.75, 0, 0]
		},
		"gui": {
			"translation": [0, -2.25, 0],
			"scale": [1, 0.62, 1]
		},
		"head": {
			"translation": [0, -16.5, -3.75],
			"scale": [4, 4, 4]
		},
		"fixed": {
			"translation": [0, -3.75, -2.5]
		}
	}
}